SPL Name;Operator;Coverage Budget Source;Products;Mean of per-product Killed Median;Mean of per-product Mutation Score Median(%);Mean of per-product Mutation Score P25(%);Mean of per-product Mutation Score P75(%);Aborted Walks sum
BankAccountv2;ActionExchange;pair;498;90,8534;99,4728;97,5924;99,9506;0
BankAccountv2;StateMissing;pair;498;15,0060;100,0000;99,5184;100,0000;0
BankAccountv2;TransitionDestinationExchange;pair;498;43,4880;99,7575;98,9648;100,0000;0
BankAccountv2;TransitionMissing;pair;498;24,1928;99,2797;97,7009;99,9044;0
BankAccountv2;ActionExchange;state;498;60,2711;66,7402;59,4031;72,7530;0
BankAccountv2;StateMissing;state;498;10,2892;68,7207;58,3904;77,1119;0
BankAccountv2;TransitionDestinationExchange;state;498;30,6988;70,7161;60,8099;79,0869;0
BankAccountv2;TransitionMissing;state;498;14,9518;61,7489;53,4777;69,0627;0
BankAccountv2;ActionExchange;transition;498;67,6928;74,5092;67,7116;80,8437;0
BankAccountv2;StateMissing;transition;498;11,7771;78,2120;69,3217;84,5515;0
BankAccountv2;TransitionDestinationExchange;transition;498;35,0723;80,3712;71,4073;87,1689;0
BankAccountv2;TransitionMissing;transition;498;17,3253;71,1543;63,2327;78,1600;0
Elevator;ActionExchange;pair;42;73,5476;97,1002;94,2874;98,6610;0
Elevator;StateMissing;pair;42;7,8571;100,0000;100,0000;100,0000;0
Elevator;TransitionDestinationExchange;pair;42;61,0000;88,9686;85,3760;92,1686;0
Elevator;TransitionMissing;pair;42;20,8095;94,2919;91,0776;96,8329;0
Elevator;ActionExchange;state;42;27,7619;37,0105;33,3879;41,0300;0
Elevator;StateMissing;state;42;4,9048;62,7350;52,8917;73,3579;0
Elevator;TransitionDestinationExchange;state;42;15,2381;22,1567;19,9431;24,9636;0
Elevator;TransitionMissing;state;42;6,8095;30,7800;28,4486;34,2786;0
Elevator;ActionExchange;transition;42;54,7857;72,7955;66,6214;78,1043;0
Elevator;StateMissing;transition;42;7,1905;91,8245;86,2143;100,0000;0
Elevator;TransitionDestinationExchange;transition;42;35,8333;52,4233;47,6540;56,7624;0
Elevator;TransitionMissing;transition;42;14,4286;65,2074;59,3695;70,2636;0
HockertyShirts;ActionExchange;pair;416;101,1442;96,3269;93,9367;97,7509;0
HockertyShirts;StateMissing;pair;416;57,6827;99,3432;98,3570;99,9195;0
HockertyShirts;TransitionDestinationExchange;pair;416;92,1538;92,2097;89,5889;94,3921;0
HockertyShirts;TransitionMissing;pair;416;66,3365;95,5178;93,7154;96,9527;0
HockertyShirts;ActionExchange;state;416;82,3990;79,1898;74,0350;85,1399;0
HockertyShirts;StateMissing;state;416;53,4832;92,1347;89,0580;96,0405;0
HockertyShirts;TransitionDestinationExchange;state;416;72,6971;73,3579;68,5287;77,6635;0
HockertyShirts;TransitionMissing;state;416;57,4087;82,8271;79,5150;85,9829;0
HockertyShirts;ActionExchange;transition;416;99,0433;94,4694;91,3908;96,3554;0
HockertyShirts;StateMissing;transition;416;57,2692;98,6361;97,7188;99,8515;0
HockertyShirts;TransitionDestinationExchange;transition;416;89,6106;89,8069;86,2480;92,1711;0
HockertyShirts;TransitionMissing;transition;416;65,1587;93,8498;91,4424;95,4458;0
SVM;ActionExchange;pair;12;9,6667;98,0808;93,9133;100,0000;0
SVM;StateMissing;pair;12;5,1667;97,2917;93,7192;100,0000;0
SVM;TransitionDestinationExchange;pair;12;7,9167;96,2533;90,0525;100,0000;0
SVM;TransitionMissing;pair;12;6,8333;96,4017;90,8467;100,0000;0
SVM;ActionExchange;state;12;9,5000;96,6917;90,2100;98,0808;0
SVM;StateMissing;state;12;5,0833;96,1008;89,5525;97,2917;0
SVM;TransitionDestinationExchange;state;12;7,5833;93,3858;85,2908;96,7433;0
SVM;TransitionMissing;state;12;6,6667;94,5500;85,2917;96,4017;0
SVM;ActionExchange;transition;12;9,5000;96,6917;93,9133;99,1225;0
SVM;StateMissing;transition;12;5,0833;96,1008;93,7192;98,9583;0
SVM;TransitionDestinationExchange;transition;12;7,6667;93,9808;90,0525;98,5292;0
SVM;TransitionMissing;transition;12;6,6667;94,5500;90,8467;98,4850;0
StudentAttendanceSystem;ActionExchange;pair;2664;93,3450;84,8776;79,3301;89,3926;0
StudentAttendanceSystem;StateMissing;pair;2664;19,0514;86,9211;80,5733;92,8562;0
StudentAttendanceSystem;TransitionDestinationExchange;pair;2664;63,2541;79,8483;73,5144;85,3296;0
StudentAttendanceSystem;TransitionMissing;pair;2664;32,6847;77,0750;71,0500;82,6668;0
StudentAttendanceSystem;ActionExchange;state;2664;58,8585;54,0498;45,4977;60,7358;0
StudentAttendanceSystem;StateMissing;state;2664;12,5796;57,5716;49,7898;64,3822;0
StudentAttendanceSystem;TransitionDestinationExchange;state;2664;37,0293;47,2323;39,4443;53,3284;0
StudentAttendanceSystem;TransitionMissing;state;2664;19,3168;45,8917;39,6631;51,2942;0
StudentAttendanceSystem;ActionExchange;transition;2664;73,5173;67,2560;59,7545;73,6960;0
StudentAttendanceSystem;StateMissing;transition;2664;15,3277;70,1465;63,1539;76,7169;0
StudentAttendanceSystem;TransitionDestinationExchange;transition;2664;47,1498;60,0349;53,0574;66,3968;0
StudentAttendanceSystem;TransitionMissing;transition;2664;24,4088;57,9504;51,7387;63,9078;0
Syngovia;ActionExchange;pair;400;820,1750;43,9023;41,9000;45,5246;0
Syngovia;StateMissing;pair;400;56,0600;82,1284;79,2674;84,9837;0
Syngovia;TransitionDestinationExchange;pair;400;376,7500;54,8335;53,4681;56,1174;0
Syngovia;TransitionMissing;pair;400;133,6600;51,5894;50,2742;52,9542;0
Syngovia;ActionExchange;state;400;333,1825;17,8532;16,1284;19,5300;0
Syngovia;StateMissing;state;400;33,5975;49,3147;45,2351;52,5372;0
Syngovia;TransitionDestinationExchange;state;400;184,7900;26,9313;24,7723;28,8909;0
Syngovia;TransitionMissing;state;400;62,6900;24,2193;22,5524;25,4978;0
Syngovia;ActionExchange;transition;400;654,1750;35,0289;33,0655;36,7349;0
Syngovia;StateMissing;transition;400;48,4525;70,9754;67,2385;74,3950;0
Syngovia;TransitionDestinationExchange;transition;400;320,3900;46,6510;44,6361;48,5528;0
Syngovia;TransitionMissing;transition;400;109,4875;42,2529;40,4084;43,8621;0
Tesla;ActionExchange;pair;400;64,6425;95,5210;92,8080;97,7437;0
Tesla;StateMissing;pair;400;28,4000;100,0000;99,8542;100,0000;0
Tesla;TransitionDestinationExchange;pair;400;52,1450;89,3615;85,2494;92,1159;0
Tesla;TransitionMissing;pair;400;36,1275;94,3297;91,7763;96,0291;0
Tesla;ActionExchange;state;400;48,2375;76,5316;72,0699;80,5357;0
Tesla;StateMissing;state;400;27,0775;95,4280;93,3077;97,5966;0
Tesla;TransitionDestinationExchange;state;400;37,5950;68,2439;64,1689;72,0533;0
Tesla;TransitionMissing;state;400;30,2525;80,2036;77,5190;82,5070;0
Tesla;ActionExchange;transition;400;61,3425;92,2848;89,0086;94,9094;0
Tesla;StateMissing;transition;400;28,4000;100,0000;99,7687;100,0000;0
Tesla;TransitionDestinationExchange;transition;400;48,6000;84,9927;80,5303;87,8307;0
Tesla;TransitionMissing;transition;400;34,8950;91,5699;89,2292;93,1198;0
eMail;ActionExchange;pair;23;48,1739;98,0039;93,9926;99,9470;55
eMail;StateMissing;pair;23;7,3913;100,0000;99,1304;100,0000;55
eMail;TransitionDestinationExchange;pair;23;30,0870;91,4913;86,1587;96,5722;55
eMail;TransitionMissing;pair;23;15,1739;96,8813;91,1383;99,7930;55
eMail;ActionExchange;state;23;25,6957;53,5796;37,6765;69,4757;16
eMail;StateMissing;state;23;4,1304;56,1961;44,2187;64,2609;16
eMail;TransitionDestinationExchange;state;23;13,4348;41,7848;31,9674;50,4291;16
eMail;TransitionMissing;state;23;6,8696;44,4417;35,1552;54,4548;16
eMail;ActionExchange;transition;23;38,2174;78,8696;63,2230;86,5783;24
eMail;StateMissing;transition;23;5,9565;80,5487;65,7548;95,7743;24
eMail;TransitionDestinationExchange;transition;23;20,9565;64,2639;53,9148;73,5030;24
eMail;TransitionMissing;transition;23;10,9565;70,1770;57,5126;79,2983;24
